Number,Relative_Frequency
1,0.08356940509915015
2,0.0708215297450425
3,0.10198300283286119
4,0.07365439093484419
5,0.10056657223796034
6,0.07932011331444759
7,0.07932011331444759
8,0.07365439093484419
9,0.07932011331444759
10,0.09490084985835694
11,0.07223796033994334
12,0.0906515580736544
