even_count,empirical_frequency,empirical_relative_frequency,theoretical_probability
0,209,0.23723041997729852,0.25
1,483,0.5482406356413166,0.5
2,189,0.21452894438138478,0.25
