sum,probability,count
3,0.03571428571428571,1
4,0.03571428571428571,1
5,0.07142857142857142,2
6,0.07142857142857142,2
7,0.10714285714285714,3
8,0.10714285714285714,3
9,0.14285714285714285,4
10,0.10714285714285714,3
11,0.10714285714285714,3
12,0.07142857142857142,2
13,0.07142857142857142,2
14,0.03571428571428571,1
15,0.03571428571428571,1
