sum,probability,count
3,0.022222222222222223,1
4,0.022222222222222223,1
5,0.044444444444444446,2
6,0.044444444444444446,2
7,0.06666666666666667,3
8,0.06666666666666667,3
9,0.08888888888888889,4
10,0.08888888888888889,4
11,0.1111111111111111,5
12,0.08888888888888889,4
13,0.08888888888888889,4
14,0.06666666666666667,3
15,0.06666666666666667,3
16,0.044444444444444446,2
17,0.044444444444444446,2
18,0.022222222222222223,1
19,0.022222222222222223,1
