Number,Relative_Frequency
1,0.09511568123393316
2,0.08611825192802057
3,0.10025706940874037
4,0.10411311053984576
5,0.10154241645244216
6,0.09897172236503857
7,0.09897172236503857
8,0.10925449871465295
9,0.11439588688946016
10,0.09125964010282776
